case,threads,width,height,cmds,median_us,p99_us
b1-quads,1,1000,640,10001,1756,1926
b1-quads,4,1000,640,10001,633,1339
b10-matrix,1,1000,640,15,153,168
b10-matrix,4,1000,640,15,187,242
b2-rounded,1,1000,640,6001,36354,38877
b2-rounded,4,1000,640,6001,10121,13376
b3-text,1,1000,640,251,637,663
b3-text,4,1000,640,251,484,584
b5-poly,1,1000,640,1001,12993,14825
b5-poly,4,1000,640,1001,4499,5604
b8-layers,1,1000,640,609,4160,4398
b8-layers,4,1000,640,609,1835,2676
b4-hero,1,1100,700,1087,3660,3913
b4-hero,4,1100,700,1087,1475,1559
b5-nav,1,1024,640,1343,6192,6333
b5-nav,4,1024,640,1343,2482,2608
